Country Name,Total Deaths/Total Covid Cases
Australia,0.0012
S-Korea,0.0013
Oceania,0.0014
Israel,0.0026
Netherlands,0.0028
Japan,0.0037
Vietnam,0.004
Austria,0.0044
France,0.0051
Germany,0.0054
Portugal,0.0057
Turkey,0.0066
Thailand,0.0067
Belgium,0.0077
UK,0.008
Malaysia,0.008
Spain,0.0087
Italy,0.0098
USA,0.0122
India,0.0122
Argentina,0.0141
Poland,0.0194
Iran,0.0195
Russia,0.0207
Africa,0.0212
Brazil,0.0217
Ukraine,0.0217
Colombia,0.0229
Indonesia,0.0259
Mexico,0.0565
